Title,Author,Source,Pub_year,Source_ID,Additional_data,Comments,Paper_DOI,Data_DOI_primary,Data_DOI_supporting
Patterns and persistence of hydrologic carbon and nutrient export from collapsing upland permafrost,Abbott,Biogeosciences,2015,2297,NA,"Data reported for streams and reference water tracks only. Some ambiguity about specific sampling identities, so lat long reported in less detail than provided in the original data set",10.5194/bg-12-3725-2015,10.18739/A23T9D71C,NA
"Carbon dioxide and methane emissions and the carbon budget of a 10-year old tropical reservoir (Petit Saut, French Guiana)",Abril,Global Biogeochemical Cycles,2005,2292,NA,NA,10.1029/2005GB002457,NA,NA
Greenhouse gas (methane and carbon dioxide) emissions from a tropical river in Kenya: the importance of anthropogenic factors on natural gas flux rates,Adams,SIL Proceedings,2009,7243,NA,NA,10.1080/03680770.2009.11902264,NA,NA
Differential response of greenhouse gas evasion to storms,Aho,Journal of Geophysical Research: Biogeosciences,2019,12484,Yes,Lat-Lon data provided by Aho,10.1029/2018JG004750,NA,NA
Dissolved greenhouse gas concentrations derived from the NEON dissolved gases in surface water data product (DP1.20097.001) ver 1,Aho,Environmental Data Initiative,2021,2309,NA,NEON-based data,NA,10.6073/pasta/47d7cb6d374b6662cce98e42122169f8,"10.48443/8td9-4z94 , 10.48443/05k7-e011, https://doi.org/10.48443/c50j-m773"
Distinct concentration-discharge dynamics in temperate streams and rivers: CO2 exhibits chemostasis while CH4 exhibits source limitation due to temperature control,Aho,Limnology and Oceanography,2021,2331,NA,N2O from supporting data,10.1002/lno.11906,10.6073/pasta/af4daec813775b7f426a1db574cbebc7,10.6073/pasta/3494ca49fc3283eea5e4fc2f8a24ce3b
Export of dissolved methane and carbon dioxide with effluents from municipal wastewater treatment plants,Alshboul,Environmental Sciene & Technology,2016,2223,NA,Sites upstream and downstream of sewage treatment plants; Lat-Lon for paired sites offset slightly to denote that they are distinct sites,10.1021/acs.est.5b04923,NA,NA
"Hydrological, geochemical and land use drivers of greenhouse gas dynamics in eleven sub-tropical streams",Andrews,Aquatic Sciences,2021,2345,NA,NA,10.1007/s00027-021-00791-x,NA,NA
"Methane dynamics in the Willamette River, Oregon",Anthony,Limnology and Oceanography,2012,7171,Yes,"Concentration provided by Anthony; temperature data was taken from USGS 14174000 WILLAMETTE RIVER AT ALBANY, OR upstream of sampling sites, so is entered as estimated temp",10.4319/lo.2012.57.5.1517,NA,NA
"Water-quality data from two agricultural drainage basins in northwestern Indiana and northeastern Illinois: I. Lagrangian and synopotic data, 1999-2002",Antweiler,USGS Open-File Report,2004,7249,NA,Related dataset to Pub_Nid 2275,10.3133/ofr20041317,NA,NA
"Seasonal exports and drivers of dissolved inorganic and organic carbon, carbon dioxide, methane and del13C signatures in a subtropical river network",Atkins,Science of the Total Environment,2016,7272,NA,NA,10.1016/j.scitotenv.2016.09.020,NA,NA
Microbial ecology of methanotrophy in streams along a gradient of CH4 availability,Bagnoud,Frontiers in Microbiology,2020,2224,NA,NA,10.3389%2Ffmicb.2020.00771,NA,NA
Spatial and temporal variation in methane distribution at the ground water/surface water interface in headwater catchments,Baker,Second International Conference on Ground Water Ecology,1994,7211,NA,NA,https://www.osti.gov/biblio/37567,NA,NA
Biogenic gases in tropical floodplain river,Ballester,Brazilian Archives of Biology and Technology,2001,11590,NA,NA,10.1590/S1516-89132001000200006,NA,NA
Nitrous oxide (N2O) and methane (CH4) in rivers and estuaries of northwestern Borneo,Bange,Biogeosciences,2019,2225,Yes,"Site-specific gas concentrations, flux data and supporting water chemistry  provided by Bange; only freshwater sites (salinity â‰¤ 0.1) included",10.5194/bg-16-4321-2019,NA,NA
"Multi-tracer and hydrogeophysical investigation of the hydraulic connectivity between coal seam gas formations, shallow groundwater and stream network in a faulted sedimentary basin",Banks,Journal of Hydrology,2019,2226,NA,NA,10.1016/j.jhydrol.2019.124132,NA,NA
PPR stream and river methane,Bansal,unpublished,2020,2285,Yes,All data provided by Bansal,NA,NA,NA
"Diffusive methane fluxes from Negro, Solimoes and Madeira rivers and fringing lakes in the Amazon basin",Barbosa,Limnology and Oceanography,2016,7269,NA,NA,10.1002/lno.10358,NA,NA
"Spatio-temporal variation of gross CO2 and CH4 diffusive emissions from Australian reservoirs and natural aquatic ecosystems, and estimation of net reservoir emissions",Bastien,Lakes and Reservoirs: Research and Management,2013,7248,Yes,Site-specific data provided by author,10.1111/lre.12028,NA,NA
Diffusive and ebullitive transport of methane and nitrous oxide from streams: Are bubble-mediated fluxes important?,Baulch,Journal of Geophysical Research,2011,7172,NA,NA,10.1029/2011JG001656,NA,NA
Controls on greenhouse gas emissions from headwater streams,Beaulieu,Ph.D. dissertation University of Notre Dame,2007,7225,NA,LINX streams; supporting Lat-Lon site information from Mulholland et al. (2008),https://onesearch.library.nd.edu/permalink/f/1phik6l/ndu_aleph002323859,NA,10.1038/nature06686
Controls on gas transfer velocities in a large river,Beaulieu,Journal of Geophysical Research,2012,7223,Yes,Site- and date-specific data provided by author,10.1029/2011JG001794,NA,NA
Contribution of methane benthic and atmospheric fluxes of an experimental area (Sitka Stream),Bednarik,"Clean Soil, Air, andWater",2015,7253,NA,NA,10.1002/clen.201300982,NA,NA
Effect of weir impoundments on methane dynamics in a river,Bednarik,Science of the Total Environment,2017,11290,NA,NA,10.1016/j.scitotenv.2017.01.163,NA,NA
Localized pollution impacts on greenhouse gas dynamics in three anthropogenically modified Asian river systems,Begum,Journal of Geophysical Research: Biogeosciences,2021,2325,NA,Removed 7 sites that mapped onto reservoirs or estuaries. Note that some sites were sampled at slightly different locations among dates.,10.1029/2020JG006124,10.1594/PANGAEA.926582,NA
"Supersaturation and evasion of CO2 and CH4 in surface waters at Mer Bleue peatland, Canada",Billett,Hydrological Processes,2008,7218,NA,Only include outlet streams from Mer Bleue,10.1002/hyp.6805,NA,NA
Measurements of CO2 and CH4 evasion from UK peatland headwater streams,Billett,Biogeochemistry,2013,7217,NA,NA,10.1007/s10533-012-9798-9,NA,NA
Processes affecting the spatial and temporal variability of methane in a temperate dammed river system,Bilsley,M.S. thesis University of California San Diego,2012,2227,NA,Partner paper with McGinnes-11894,https://search-library.ucsd.edu/permalink/01UCS_SDI/ld412s/alma991004859049706535,NA,NA
Floods increase carbon dioxide and methane fluxes in agricultural streams,Blackburn,Floods increase carbon dioxide and methane fluxes and concentrations in agricultural streams,2020,2228,NA,"Overlapping sites with 7259, 12840",10.1111/fwb.13614,10.6073/pasta/eeba6193162bf1189a6b78452686c773,NA
Carbon dynamics and their link to dissolved organic matter quality across contrasting stream ecosystems,Bodmer,Science of the Total Environment,2016,7267,Yes,Detailed dataset for individual sites and dates provided by Bodmer,10.1016/j.scitotenv.2016.02.095,NA,NA
Connectivity and habitat typology drive CO2 and CH4 fluxes across land-water interfaces in lowland rivers,Bolpagni,Ecohydrology,2018,12478,NA,NA,10.1002/eco.2036,NA,NA
Globally significant greenhouse-gas emissions from African inland waters,Borges,Nature Geoscience,2015,7256,NA,Supporting data from Borges et al. 2019 and associated dataset; the supporting dataset includes some of the data provided in the supplement of this 2015 paper,10.1038/ngeo2486,NA,"10.5194/bg-2019-68, 10.5194/bg-16-3801-2019"
Divergent biophysical controls of aquatic CO2 and CH4 in the Worlds two largest rivers,Borges,Scientific Reports,2015,7263,NA,NA,10.1038/srep15614,NA,NA
"Effects of agricultural land use on fluvial carbon dioxide, methane and nitrous oxide in a large European river, the Muese (Belgium)",Borges,Science of the Total Environment,2018,11306,NA,NA,10.1016/j.scitotenv.2017.08.047,NA,NA
Carbon dynamics and CO2 and CH4 outgassing in the Mekong delta,Borges,Biogeosciences,2018,11895,NA,Fluxes not entered as they integrate across the freshwater delta and salty estuary; data entered for freshwater (<1 0/00 salinity) samples,10.5194/bg-15-1093-2018,NA,NA
"Distribution, origin and cycling of carbon in the Tana River (Kenya): a dry season basin-scale survey from headwaters to the delta",Bouillon,Biogeosciences,2009,7179,NA,NA,10.5194/bg-6-2475-2009,NA,NA
"Organic matter sources, fluxes and greenhouse gas exchange in the Oubangui River (Congo River Basin)",Bouillon,Biogeosciences,2012,7232,NA,NA,10.5194/bg-6-2475-2009,NA,NA
Contrasting biogeochemical characteristics of the Oubangui River and tributaries (Congo River Basin),Bouillon,Scientific Reports,2014,7235,NA,This paper includes data that are a continuation of the time series initially published in Bouillon 2012,10.1038/srep05402,NA,NA
"Arctic LTER Streams Chemistry Toolik Field Station, Alaska 1978 to 2019",Bowden,Environmental Data Initiative,2020,2317,NA,NA,NA,10.6073/pasta/3faacd18b63b3bacc5a0dbd6f09660e1,NA
Effects of storms on nitrate removal and greenhouse gas emissions from fluvial wetland dominated surface water flow paths,Bower,M.S. thesis University of New Hampshire,2020,2305,Yes,"Data provided by Robson and Wollheim; complementary study with 2233, 2306",scholars.unh.edu/thesis/1376,NA,NA
Observations of greenhouse gases and nitrate concentrations in a Maine River and fringing wetland,Bresney,Northeastern Naturalist,2015,7242,NA,NA,10.1656/045.022.0125,NA,NA
Integrating ecosystem patch contributions to stream corridor carbon dioxide and methane fluxes,Bretz,Journal of Geophysical Research: Biogeosciences,2021,2340,NA,NA,10.1029/2021JG006313,10.4211/hs.ab2b33f27b3b4a0ca9a8ce4b8936753f,NA
Potential effects of the invasive bivalve Corbicula fluminea on methane cycling processes in an urban stream,Brown,Biogeochemistry,2019,12642,NA,NA,10.1007/s10533-019-00578-1,NA,NA
The importance of groundwater discharge to the methane budgets of nearshore and continental shelf water of the northeastern Gulf of Mexico,Bugna,Geochimica et Cosmochimica Acta,1996,7234,NA,NA,10.1016/S0016-7037(96)00290-6,NA,NA
Direct isotopic evidence of biogenic methane production and efflux from beneath a temperate glacier,Burns,Scientific Reports,2018,2230,NA,NA,10.1038/s41598-018-35253-2,10.17635/lancaster/researchdata/246,NA
Methanotroph community structure and processes in an inland rivers affected by natural gas macro-seeps,Burrows,FEMS Microbiology Ecology,2021,2343,Yes,Date-resolved data provided by Burrows,10.1093/femsec/fiab130,NA,NA
"Distribution of methane in the Lena Delta and Buor-Khaya Bay, Russia",Bussmann,Biogeosciences,2013,7204,NA,Whole channel estimates of aggregated flux presented in the Discussion section of this paper are not included,10.5194/bg-10-4641-2013,10.1594/PANGAEA.817302,NA
Methane dynamics in three different Siberian water bodies under winter and summer conditions,Bussmann,Biogeosciences,2021,2327,NA,NA,10.5194/bg-18-2047-2021,"10.1594/PANGAEA.905776, 10.1594/PANGAEA.919986",NA
Radon-traced pore-water as a potential source of CO2 and CH4 to receding black and clear water environments in the Amazon Basin,Call,Limnology and Oceanography Letters,2018,2231,NA,NA,10.1002/lol2.10089,figshare.com/s/95945208c33e8800f02c,NA
Regional contribution of CO2 and CH4 fluxes from the fluvial network in a lowland boreal landscape of Quebec,Campeau,Global Biogeochemical Cycles,2014,7224,Yes,"Site and date-resolved data provided by Campeau; overlapping dataset with 2252, 2308, 2284",10.1002/2013GB004685,NA,NA
Aquatic export of young dissolved and gaseous carbon from a pristine boreal fen: Implications for peat carbon stock stability,Campeau,Global Change Biology,2017,11593,NA,NA,10.1111/gcb.13815,NA,NA
Stable carbon isotopes reveal soil-stream DIC linkages in contrasting headwater catchments,Campeau,Journal of Geophysical Research: Biogeosciences,2018,12435,Yes,Updated version of the cited dataset provided by Campeau that included some data corrections,10.1002/2017JG004083,http://urn.kb.se/resolve?urn=urn:nbn:se:uu:diva-335488,NA
"Time series of dissolved methane and carbon dioxide concentrations for Falling Creek Reservoir and Beaverdam Reservoir in southwestern Virginia, USA during 2015-2020 ver 5",Carey,Environmental Data Initiative,2022,2326,NA,NA,NA,10.6073/pasta/2fb836492aace4c13b7962f2718be8e5,"10.6073/pasta/6343e979a970e8a2590b4a450e851dd2, 10.6073/pasta/4d8e7b7bedbc6507b307ba2d5f2cf9a2, 10.6073/pasta/887d8ab8c57fb8fdf3582507f3223cd6"
Effects of reversal of water flow in Arctic stream on fluvial emissions of CO2 and CH4,Castro-Morales,Journal of Geophysical Research: Biogeosciences,2021,2351,NA,NA,10.1029/2021JG006485,10.5281/zenodo.5758728,NA
Underlying ecosystem emissions exceed cattle-emitted methane from subtropical lowland pastures,Chamberlain,Ecosystems,2015,2232,NA,NA,10.1007/s10021-015-9873-x,NA,NA
CO2 and CH4 emissions from an arid fluvial network on the Chinese Loess Plain,Chan,Water,2021,2339,Yes,Site- and date- resolved data provided by senior author Ran,10.3390/w13121614,NA,NA
"Hydrogeochemistry and greenhouse gases of the Pearl River, its estuary and beyond",Chen,Quaternary International,2008,7246,NA,NA,10.1016/j.quaint.2007.08.024,NA,NA
"Ebullition controls on CH4 emissions in an urban, eutrophic river: a potential time-scale bias in determining the aquatic CH4 flux",Chen,Environmental Science & Technology,2021,2329,NA,NA,10.1021/acs.est.1c00114,NA,NA
Seasonal methane and carbon dioxide emissions along a temperate fluvial wetland dominated river continuum,Clarizia,M.S. thesis University of New Hampshire,2019,2233,NA,"Data provided by Robson and Wollheim; complementary study with 2305, 2306",https://scholars.unh.edu/thesis/1322,NA,NA
Boreal headwater catchment as hot spot of carbon processing from headwater to fjord,Clayer,Journal of Geophysical Research: Biogeosciences,2021,2348,NA,NA,10.1029/2021JG006359,10.4211/hs.b143432cfe72462fac90376631c9a2b3,NA
Nitrogen retention in the hyporheic zone of a glacial river in interior Alaska,Clilverd,Biogeochemistry,2008,7188,NA,NA,10.1007/sl0533-008-9192-,NA,NA
Seasonal variability of sediment controls of carbon cycling in an agricultural stream,Comer-Warner,Science of the Total Environment,2019,12680,NA,NA,10.1016/j.scitotenv.2019.06.317,10.5285/00601260-285e-4ffa-b381-340b51a7ec50,NA
Greenhouse gas emissions (CO2 and CH4) and inorganic carbon behavior in an urban highly polluted tropical coastal lagoon,Cotovicz,Environmental Science and Pollution Research,2021,2324,NA,"Note borderline salinity, but may be elevated due to pollution as much as marine inputs; authors refer to river inputs as 'freshwater'",10.1007/s11356-021-13362-2,NA,NA
Geomorphic controls on fluvial carbon exports and emissions from upland swamps in eastern Australia,Cowley,Science of the Total Environment,2018,12342,NA,NA,10.1016/j.scitotenv.2017.08.133,NA,NA
Emissions of carbon dioxide and methane from a headwater stream network of interior Alaska,Crawford,Journal of Geophysical Research: Biogeosciences,2013,7228,NA,NA,10.1002/jgrg.20034,NA,"10.5066/P9C6BDBQ, 10.5066/P9WYS23U"
Ebullitive methane emissions from oxygenated wetland streams,Crawford,Global Change Biology,2014,7169,NA,NA,10.1111/gcb.12614,10.6073/pasta/7842765e6520b62af6fd4d95c838f177,NA
"CO2 and CH4 emissions from streams in a lake-rich landscape: Patterns, controls, and regional significance",Crawford,Global Biogeochemical Cycles,2014,7202,NA,Sites at lake outlet not included,10.1002/2013GB004661,10.6073/pasta/000c46ce5c2ded2cefbddb596fca3ce2,NA
Carbon gas emissions from headwater streams,Crawford,unpublished,2014,7245,Yes,Miscellaneous unpublished gas data linked to Crawford dissertation activities contributed by Stanley,NA,NA,10.5066/P9WYS23U
Source limitation of carbon gas emissions in high-elevation mountain streams and lakes,Crawford,Journal of Geophysical Research: Biogeosciences,2015,7244,NA,NA,10.1002/2014JG002861,NA,NA
Mississippi River spatial water chemistry Environmental Research Letters datasets,Crawford,Geophysical Research Letters,2016,7258,NA,NA,10.1002/2015GL067599.,10.6073/pasta/c1b9dbd9a96edfb5e39a94cfef2982b9,NA
Controls on methane concentrations and fluxes in streams draining human-dominated landscapes,Crawford,Ecological Applications,2016,7259,NA,NA,10.1890/15-1330,NA,NA
Anaerobic carbon cycling in stream ecosystems,Dahm,SIL Proceedings,1991,7251,NA,NA,10.1080/03680770.1989.11899028,NA,NA
Sources and sinks of aquatic carbon in a peatland stream continuum,Dawson,Biogeochemistry,2004,7233,NA,"This paper also includes concentration data for Brocky Burn (Upper, Middle, Lower), but sampling overlapped with Hope et al. 2004; Data for this site are associated wtih Hope (Paper_Nid 7197)",10.1023/B:BIOG.0000049337.66150.f1,NA,NA
Methane in surface waters of Oregon estuaries and rivers,de Angelis,Limnology and Oceanography,1987,7183,NA,NA,10.4319/lo.1987.32.3.0716,NA,NA
Fate of methane in the Hudson River and Estuary,de Angelis,Global Biogeochemical Cycles,1993,7222,NA,"Sites reported for this paper are limited to rk 104 and upstream; 104 = max extent of salt intrusion. Note river is tidally influenced above this, but is fresh.",10.1029/93GB01636,NA,NA
"Biogeochemistry of ""pristine"" freshwater stream and lake systems in the western Canadian Artic",Dean,Biogeochemistry,2016,11896,NA,NA,10.1007/s10533-016-0252-2,NA,NA
East Siberian Arctic inland waters emit mostly contemporary carbon,Dean,Nature Communications,2020,2222,NA,NA,10.1038/s41467-020-15511-6,NA,NA
Importance of the vegetation-groundwater-stream continuum to understand transformation of biogenic carbon in aquatic systems,Deirmendjian,Science of the Total Environment,2019,12645,NA,NA,10.1016/j.scitotenv.2019.01.152,NA,NA
Methane dynamics downstream of a temperate run-of-the-river reservoir,DelSontro,Limnology and Oceanography,2016,11300,NA,NA,10.1002/lno.10387,NA,NA
"Emission of CO2 and CH4 from a multi-ditches system in rice cultivation region: Flux, temporal-spatial variation and effect factors",Deng,Journal of Environmental Management,2020,2234,NA,NA,10.1016/j.jenvman.2020.110918,NA,NA
Methane and nitrous oxide annual emissions from an old eutrophic temperate reservoir,Descloux,Science of the Total Environment,2017,2304,NA,Fluxes not included here because they are reported as an annual estimate of downstream diffusive fluxes,10.1016/j.scitotenv.2017.04.066,NA,NA
"Low methane (CH4) emissions downstream of a monomictic subtropical hydroelectric reservoir (Nam Theun 2, Lao PDR)",Deshmukh,Biogeosciences,2016,7255,NA,NA,10.5194/bg-13-1919-2016,NA,NA
Temperature and precipitation drive temporal variability in carbon and GHG concentrations and fluxes in a peatland catchment,Dinsmore,Global Change Biology,2013,2235,NA,NA,10.1111/gcb.12209,10.5285/3f0820a7-a8c8-4dd7-a058-8db79ba9c7fe,NA
Aquatic carbon and greenhouse gas concentrations in the Auchencorth Moss catchment following drain blocking,Dinsmore,NERC Environmental Information Data Centre,2016,2236,NA,NA,NA,10.5285/88ffbf44-0ec0-41d6-9814-04bc3535cd84,NA
Flow regime influences on stream and riparian soil carbon dynamics in the Ozark Highlands and Boston Mountains of Arkansas,Dodd,Ph.D. dissertation University of Arkansas,2018,2254,Yes,Corrected data provided by Dodd,https://scholarworks.uark.edu/etd/2911/,NA,NA
"Water and sediment quality in the Yukon River and its tributaries, from Eagle to St. Marys, Alaska, 2002-2003",Dornblaser,USGS Open-File Report,2006,2244,NA,NA,NA,10.3133/ofr20061228,NA
Geomorphic and ecological effects of restoration and flood events on stream in the Driftless Area of Wisconsin,Druschke,M.S. thesis University of Wisconisin-Madison,2021,12921,NA,https://search.library.wisc.edu/catalog/9913456953802121,NA,10.6073/pasta/4905369228d80920974f555a2dd12229,NA
Release of aquatic carbon from two peatland catchments in E. Finland during the spring snowmelt period,Dyson,Biogeochemistry,2011,7166,NA,NA,10.1007/s10533-010-9452-3,NA,NA
High terrestrial carbon load via groundwater to a boreal lake dominated by surface water inflow,Einarsdottir,Journal of Geophysical Research: Biogeosciences,2016,12355,NA,Overlapping site with 2257,10.1002/2016JG003495,NA,NA
The net exchange of methane with high Arctic landscapes during the summer growing season,Emmerton,Biogeosciences,2014,7213,NA,Removed permafrost seep sites,10.5194/bg-11-3095-2014,NA,NA
The impact of ditch blocking on fluvial carbon export from a UK blanket bog,Evans,Hydrological Processes,2018,2246,NA,Only included control (non-manipulated for this experiment) ditches,10.1002/hyp.13158,NA,NA
Variations in methane concentrations in the water of the Don River and Taganrog Bay under the effect of natural factors,Federov,Water Resources,2003,2245,NA,NA,10.1023/A:1022059903167,NA,NA
Multiple processes contribute to methane emission in a riparian cottonwood forest ecosystem,Flanagan,New Phytologist,2020,2287,NA,NA,10.1111/nph.16977,NA,NA
Landscape controls of CH4 fluxes in a catchment of the forest tundra ecotone in northern Siberia,Flessa,Global Change Biology,2008,7186,NA,NA,10.1111/j.1365-2486.2008.01633.x,NA,NA
Exploring the sources of unexpected high methane concentrations and fluxes from alpine headwater streams,Flury,Geophysical Research Letters,2019,12485,NA,NA,10.1029/2019GL082428,NA,NA
"Water quality, quantity, and gas fluxes of the Upper Mississippi River basin (WY 2012-2016)",Foks,USGS Data Release,2018,2353,NA,"Overlapping sites with 2296. Excluded backwater lakes, central impoundment sites from Mississippi River",NA,10.5066/F7P849S4,NA
Water quality and gas fluxes of Interior Alaska (2014-2018),Foks,USGS Data Release,2020,2354,NA,NA,NA,10.5066/P9C6BDBQ,NA
Alteration of carbon cycling by beaver: methane evasion rates from boreal forest streams and rivers,Ford,Canadian Journal of Zoology,1988,7168,NA,NA,10.1139/z88-076,NA,NA
How are greenhouse gases coupled across seasons in a large temperate river with differential land use?,Galantini,Ecosystems,2021,2323,Yes,"Galantini confirmed that CH4 units for 2017-2018 were actually nmol/L. LL's for sites provided by Galantini, who also confirmed that units for ammonium and nitrate were in ugN/L",10.1007/s10021-021-00629-5,"10.5281/zenodo.4566377, github.com/LaboMaranger/RdN_GHG/tree/1.0",NA
"Ice-out and freshet fluxes of CO2 and CH4 across the air-water interface of the channel network of a great Arctic delta, the Mackenzie",Gareis,Polar Research,2020,2268,Yes,"Gareis provided original data, including additional information on temp, cond, nutrients, and general site information",10.33265/polar.v39.3528,NA,NA
Methane in the water and bottom sediments of the mouth area of the Severnaya Dvina River (White Sea),Gar'kusha,Oceanology,2010,7238,NA,Summertime version of other Gar'Kusha publication; some overlapping sites between the 2 papers,10.1134/S0001437010040065,10.1594/PANGAEA.763838,NA
Methane in the water and bottom sediments of the mouth area of the Severnaya Dvina River during the winter time,Gar'kusha,Oceanology,2014,7237,NA,Salty sites not entered,10.1134/S000143701402009X,NA,NA
"Distribution of methane concentration in coastal areas of the Gulf of Petrozavodsk, Lake Onega",Gar'kusha,Water Resources,2015,7260,NA,NA,10.1134/S0097807815030045,NA,NA
"Budget of methane emissions from soils, livestock and the river network at the regional scale of the Seine basin (France)",Garnier,Biogeochemistry,2013,7219,NA,Part 1 of study of Seine basin; part 2 = Paper_Nid 12457,10.1007/s10533-013-9845-1,NA,NA
Carbon dioxide and methane emissions from an artificially drained coastal wetland during a flood: Implications for wetland global warming potential,Gatland,Journal of Geophysical Research: Biogeosciences,2014,7226,NA,NA,10.1002/2013JG002544,NA,NA
"The role of Eurasian beaver (Castor fiber) in the storage, emission and deposition of carbon in lakes and rivers of the River Ob flood plain, western Siberia",Gatti,Science of the Total Environment,2018,12349,NA,NA,10.1016/j.scitotenv.2018.07.042,NA,NA
Hot spots for carbon emissions from Mediterranean fluvial networks during summer drought,Gomez-Gener,Biogeochemistry,2015,7261,NA,NA,10.1007/s10533-015-0139-7,NA,NA
Effect of small water retention structures on diffusive CO2 and CH4 emissions along a highly impounded river,Gomez-Gener,Inland Waters,2018,12442,Yes,Spatially resolved data provided by Gomez-Gener,10.1080/20442041.2018.1457846,NA,NA
"Spatial and temporal dynamics of diffusive methane emissions in the Okavango Delta, northern Botswana, Africa",Gondwe,Wetlands Ecology and Management,2014,7207,NA,Only channel habitats included,10.1007/s11273-013-9323-5,NA,NA
"Effects of field towns development on the dissolved and diffusion fluxes of greenhouse gases in Heishuitan River basin, Chongqing",Gong,Acta Ecologica Sinica,2019,7311,NA,NA,10.5846/stxb201810112205,NA,NA
Using environmental tracers and modelling to identify natural and gas well-induced emissions of methane into streams,Grieve,Applied Geochemistry,2018,2314,NA,NA,10.1016/j.apgeochem.2017.12.022,NA,NA
"Carbon dioxide, methane, and dissolved carbon dynamics in an urbanized river",Gu,Hydrological Processes,2021,2342,NA,NA,10.1002/hyp.14360,NA,NA
"Concentrations, sources, and export of dissolved CH4 and CO2 in rivers of the permafrost wetlands, northeast China",Guo,Ecological Engineering,2016,7266,NA,NA,10.1016/j.ecoleng.2015.10.004,NA,NA
"Water and sediment quality in the Yukon River and its tributaries between Atlin, British Columbia, Canada, and Eagle, Alaska, USA, 2004",Halm,USGS Open-File Report,2007,2242,NA,NA,NA,10.3133/ofr20071197,NA
Oxygen depletion and carbon dioxide and methane production in waters of the Pantanal,Hamilton,Biogeochemistry,1995,7192,Yes,Data covered in this paper and lots of additional data provided by Hamilton,10.1007/bf00002727,NA,NA
Distribution and fluxes of methane in tropical rivers and lagoons of eastern Hainan,Han,Journal of Tropical Oceanography,2012,7320,Yes,CH4 flux for site 9275 and N2O fluxes (all sites) from Han's MS thesis,10.3969/j.issn.1009-5470.2012.02.012,NA,NA
Greenhouse gases emission characteristics of rivers in Nanjing and the influencing factors,Han,M.S. thesis Nanjing University of Information Science and Technology,2013,7316,NA,NA,https://kns.cnki.net/kcms/detail/detail .aspx?dbname=cmfd201401&filename=1013340872.nh,NA,NA
Emission of greenhouse gases from water tracks draining Arctic hillslopes,Harms,Journal of Geophysical Research: Biogeosciences,2020,2294,NA,NA,10.1029/2020JG005889,10.18739/A23R0PS5P,NA
Effects of a diel oxygen cycle on nitrogen transformations and greenhouse gas emissions in a eutrophied subtropical stream,Harrison,Aquatic Sciences,2005,7193,NA,NA,10.1007/s00027-005-0776-3,NA,NA
Comparing carbon dioxide and methane emissions from restored and unrestored sections of three North Carolina streams,Hattenberger,M.S. thesis North Carolina State Universtiy,2018,2247,NA,NA,http://www.lib.ncsu.edu/resolver/1840.20/35725,NA,NA
"Spatial and temporal variations in nutrients in water and riverbed sediments at the mouths of rivers that enter Lake Hachiro, a shallow sediments at the mouths of rivers that enter Lake Hachiro, a shallow eutrophic lake in Japan",Hayakawa,Catena,2015,2248,NA,NA,10.1016/j.catena.2015.04.009,NA,NA
"Characteristics of GHG flux from water-air interface along a reclaimed water intake area of the Chaobai River in Shunyi, Beijing",He,Atmospheric Environment,2018,11599,NA,Artificial channel from reclaimed water; only unimpounded sites included,10.1016/j.atmosenv.2017.10.060,NA,NA
A stream-based methane monitoring approach for evaluating groundwater impacts associated with unconventional gas development,Heilweil,Groundwater,2013,7239,Yes,Concentration data provided by Heilweil,10.1111/gwat.12079,NA,NA
"Estimation of methane concentrations and loads in groundwater discharge to Sugar Run, Lycoming County, Pennsylvania",Heilweil,USGS Open-File Report,2014,7240,NA,NA,10.3133/ofr20141126,NA,NA
Gas-tracer experiment for evaluating the fate of methane in a coastal plain stream: degassing versus in-stream oxidation,Heilweil,Environmental Sciene & Technology,2016,11586,NA,NA,10.1021/acs.est.6b02224,NA,NA
Multi-technique assessment of spatial and temporal variability of methane fluxes in a peat meadow,Hendricks,Agricultural and Forest Meteorology,2010,2249,NA,NA,10.1016/j.agrformet.2009.06.017,NA,NA
Water-quality data from the Yukon River Basin in Alaska and Canada,Herman-Mercer,USGS Data Release,2016,2355,Yes,ppm values for CH4 in original report were incorrect; corrected data and results expressed in umol/L plus some additional dates were provided by USGS,NA,10.5066/F77D2S7B,NA
Divergent controls on stream greenhouse gas concentrations across a land-use gradient,Herreid,Ecosystems,2020,2303,NA,NA,10.1007/s10021-020-00584-7,10.4211/hs.2679ce1a6d514b30a54459893557dfe7,NA
"Methane emissions from contrasting urban freshwaters: rates, drivers and a whole-city footprint",Herrero Ortega,Global Change Biology,2019,2251,NA,NA,10.1111/gcb.14799,NA,NA
Anaerobic microbial metabolism in hyporheic sediment of a gravel bar in a small lowland stream,Hlavacova,River Research and Applications,2005,7194,NA,NA,10.1002/rra.866,NA,NA
"Greenhouse gas (CO2, CH4, N2O) emissions to the atmosphere from a small lowland stream in Czech Republic",Hlavacova,Archiv fur Hydrobiologie,2006,7196,NA,NA,10.1127/0003-9136/2006/0165-0339,NA,NA
Effects of land use and water quality on greenhouse gas emissions from an urban river system,Ho,Environmental Science and Pollution Research,2022,2310,NA,NA,10.1007/s11356-021-18081-2,10.6073/pasta/545502bf79b3e4e03bad2c5816375b01,NA
Carbon dioxide and methane evasion from a temperate peatland stream,Hope,Limnology and Oceanography,2001,7197,NA,NA,10.4319/lo.2001.46.4.0847,NA,NA
Variations in dissolved CO2 and CH4 in a first-order stream and catchment: an investigation of soil-stream linkages,Hope,Hydrological Processes,2004,7198,NA,NA,10.1002/hyp.5657,NA,NA
Greenhouse gas emissions and spatiotemporal variation from rivers in the Zoige Plateau,Hu,M.S. thesis Northwest Agriculture & Forestry University,2015,7303,NA,NA,https://kns.cnki.net/KCMS/detail/detail.aspx? dbname=CMFD201601&filename=1015333482.nh,NA,NA
Greenhouse gases emission from the sewage draining rivers,Hu,Science of the Total Environment,2018,11573,NA,NA,10.1016/j.scitotenv.2017.08.055,NA,NA
"Air-water CO2 and CH4 fluxes along a river-reservoir continuum: Case study in the Pengxi River, a tributary of the Yangtze River in Three Gorges Reservoir, China",Huang,Environmental Monitoring and Assessment,2017,2335,NA,Also see 7312,10.1007/s10661-017-5926-2,NA,NA
Effect of catchment characteristics on aquatic carbon export from a boreal catchment and its importance in regional carbon cycling,Huotari,Global Change Biology,2013,7199,NA,NA,10.1111/gcb.12333,NA,NA
"Large-scale landscape drivers of CO2, CH4, DOC and DIC in boreal river networks",Hutchins,Global Biogeochemical Cycles,2019,2252,Yes,"Data provided by Hutchins; overlapping dataset with 7224, 2308, 2284",10.1029/2018GB006106,NA,NA
Fluvial CO2 and CH4 patterns across wildfire-disturbed ecozones of subarctic Canada: Current status and implications for future change,Hutchins,Global Change Biology,2020,2253,Yes,Fluxes in g m-2 d-1 provided by Hutchins,10.1111/gcb.14960,NA,NA
"The relative importance of seasonality versus regional and networkâ€‘specific properties in determining the variability of fluvial CO2 , CH4 and dissolved organic carbon across boreal Quebec",Hutchins,Aquatic Sciences,2021,2308,Yes,"Data provided by Hutchins; overlapping dataset with 2252, 7224, 2284",10.1007/s00027-021-00830-7,NA,NA
Magnitude and drivers of integrated fluvial network greenhouse gas emissions across the boreal landscape in Quebec,Hutchins,Water Research,2020,2284,Yes,"Fluxes in g m-2 d-1 provided by Hutchins; overlapping dataset with 2252, 7224, 2308",10.1016/j.watres.2020.115556,NA,NA
The role of drainage ditches in greenhouse gas emissions and surface leaching losses from a cutaway peatland cultivated with a perennial bioenergy crop,Hyvonen,Boreal Environment Research,2013,7200,NA,NA,http://hdl.handle.net/10138/229311,NA,NA
Diffusion GHG fluxes at tropical peatland drainage canal water surfaces,Jauhiainen,Suoseura,2012,12567,NA,NA,http://www.suo.fi/article/9882,NA,NA
Longitudinal discontinuities in riverine greenhouse gas dynamics generated by dams and urban wastewater,Jin,Biogeosciences,2018,12258,NA,NA,10.5194/bg-15-6349-2018,NA,NA
Influence of drainage basin topography and elevation on carbon dioxide and methane supersaturation of stream water,Jones,Biogeochemistry,1998,7151,Yes,"Site locations and site, date-resolved gas, water chemistry data provided by Jones",10.1023/A:1005914121280,NA,NA
Methane input and evasion in a hardwood forest stream: effects of subsurface flow from shallow and deep pathways,Jones,Limnology and Oceanography,1998,7201,NA,NA,10.4319/lo.1998.43.6.1243,NA,NA
"Dynamics of greenhouse gases in the river-groundwater interface in a gaining river stretch (Triffoy catchment, Belgium)",Jurado,Hydrogeology Journal,2018,2255,NA,NA,10.1007/s10040-018-1834-y,NA,NA
Short-term and long-term carbon dynamics in a northern peatland-stream-lake continuum: A catchment approach,Juutinen,Journal of Geophysical Research,2013,7153,NA,NA,10.1002/jgrg.20028,NA,NA
Methane release below a tropical hydroelectric dam,Kemenes,Geophysical Research Letters,2007,7210,NA,NA,10.1029/2007GL029479,10.3334/ORNLDAAC/1143,NA
"Downstream emissions of CH4 and CO2 from hydroelectric reservoirs (Tucurui, Samuel, and Curual-Una) in the Amazon basin",Kemenes,Inland Waters,2016,2346,NA,NA,10.1080/IW-6.3.980,NA,NA
Greenhouse gas emissions from boreal inland waters unchanged after forest harvest,Klaus,Biogeosciences,2018,12445,Yes,Site and date resolved gas data provided by Klaus,10.5194/bg-15-5575-2018,NA,NA
The flux of CO2 and CH4 from lakes and rivers in arctic Alaska,Kling,Hydrobiologia,1992,7154,NA,NA,10.1007/BF00013449,NA,NA
Biogeochemistry data set for Imnavait Creek Weir on the North Slope of Alaska 2002-2018 ver 9,Kling,Environmental Data Initiative,2019,2256,NA,Supporting data is discharge data from Arp et al.,NA,10.6073/pasta/733c73c6ebffeaec6970b2b0f4dddfe6,10.18739/A2K649S9D
"Biogeochemistry data set for soil waters, streams, and lakes near Toolik on the North Slope of Alaska. ver 9",Kling,Environmental Data Initiative,2019,2315,NA,"Data from 1988-2010; for Q, cond, temp data, priority given to data listed in the primary data source, when available. Additional Q derived from supporting datasets and are daily averages",NA,10.6073/pasta/574fd24522eee7a0c07fc260ccc0e2fa,"10.6073/pasta/ae3cf97a2496946fa8ba0cf964271e56, 10.6073/pasta/8cc384d957477d5ad48e926ed26dc89b, 10.6073/pasta/20e10e53cc8b68cffbe98ed0b234d26a, 10.6073/pasta/6e9d9bd807d8ec133e91d0e665a1550d, 10.6073/pasta/33f027ad109d650964a0a084e5df7b11, 10.6073/pasta/4b78d41f1462c952140b6d2bd4c5d3e4, 10.6073/pasta/37c5b37970b78525819480aa7e4db43a, 10.6073/pasta/48d71932248e540223bd5650902dd7a4, 10.6073/pasta/4ea8fa2d3b89f4bf2b5de7b98b6a772c, 10.6073/pasta/aa535873109be90a8a1cb133b45dbc67, 10.6073/pasta/07d2ff982627a2a73343c1785358d0a6, 10.6073/pasta/05f608cdb85f2e558febd0fd399da5cf, 10.6073/pasta/9dde811179666deedd0ecf911be39f65, 10.6073/pasta/bd8a06d5dab8691912524db28cc24bcd, 10.6073/pasta/3af4cbab73c38f76b2829c3abff8f703, 10.6073/pasta/48e780b581b1071f19c7e5f4b165035d, 10.6073/pasta/94bb7d7a93a46ab5363033de6ee7d603, 10.6073/pasta/169d1bae55373c44a368727573ef70eb, 10.6073/pasta/1e224958e278841f9a7a035007c65f21, 10.6073/pasta/f14f444ce51fa77d5f577db4cdbb0564, 10.6073/pasta/88124e3e8b4a8bbbd49fbb64d64b62d3, 10.6073/pasta/7e79c3adc44e965240f1c9d75ea676fb, 10.6073/pasta/6bd568dba3bfaa58181cfb8abff4d639, 10.6073/pasta/4c9e9b2bb4861e73dfeaa6bb5e8fb9cd, 10.6073/pasta/4b943b5a2de08aca8b7dd48542476f12, 10.6073/pasta/53a45c5a110f0af13c5ae0ed3154b8ca, 10.6073/pasta/5c3e5f2495561903c027c6b06544cf70, 10.6073/pasta/b24b8bb901a4b1b825e09c7ab494b39d, 10.6073/pasta/459c62f862e1724005eb7d91648bfb44"
"Biogeochemistry data set for soil waters, streams, and lakes near Toolik Lake on the North Slope of Alaska, 2012 through 2020 ver 2",Kling,Environmental Data Initiative,2022,2316,NA,"Data from 2012-2020; no CH4 data collected in 2011;  for Q, cond, temp data, priority given to data listed in the primary data source, when available. Additional Q derived from supporting datasets and are daily averages",NA,10.6073/pasta/4e25db9ae9372f5339f2795792814845,10.6073/pasta/169d1bae55373c44a368727573ef70eb
"Chemistry from thermokarst impacted soils, lakes, and streams near Toolik Lake Alaska, 2008-2011",Kling,Environmental Data Initiative,2013,2221,NA,NA,NA,10.6073/pasta/2e55d1587290e642938ac1a6caed6ec6,NA
Drainage ditches contribute considerably to the CH4 budget of a drained and a rewetted temperate fen,Kohn,Wetlands,2021,2334,NA,NA,10.1007/s13157-021-01465-y,NA,NA
High spatial variability of gas transfer velocity in streams revealed by turbulence measurements,Kokic,Inland Waters,2018,2257,NA,Site SO2 not included; upstream end of a lake outlet stream; some site overlap with 12355,10.1080/20442041.2018.1500228,NA,NA
Seasonal variability of methane in the rivers and lagoons of Ivory Coast (West Africa),Kone,Biogeochemistry,2010,7155,NA,NA,10.1007/s10533-009-9402-0,NA,NA
Sizeable carbon emission from the floodplain of the Ob River,Krikov,Ecological Indicators,2021,2341,NA,NA,10.1016/j.ecolind.2021.108164,10.5281/zenodo.4563905,NA
Patterns in stream greenhouse gas dynamics from mountains to plains in northcentral Wyoming,Kuhn,Journal of Geophysical Research: Biogeosciences,2017,11307,Yes,Flux data provided by Kuhn,10.1002/2017JG003906,NA,NA
"Greenhouse gases (CO2, CH4 and N2O) in lowland springs within an agricultural impacted watershed (Po River Plain, northern Italy)",Laini,Chemistry and Ecology,2011,7215,NA,NA,10.1080/02757540.2010.547489,NA,NA
Greenland melt drives continuous export of methane from the ice-sheet bed,Lamarche-Gagnon,Nature,2019,2258,NA,High frequency CH4 conc measurements presented as daily averages over ca. 2 months,10.1038/s41586-018-0800-0,NA,NA
Methane concentrations in various marine environments,Lamontagne,Journal of Geophysical Research,1973,7156,NA,NA,10.1029/JC078i024p05317,NA,NA
Temporal patterns of methane emissions from two streams with different riparian connectivity,Leng,Journal of Geophysical Research: Biogeosciences,2021,2338,NA,Only highly aggregated flux data presented in this paper and was not included,10.1029/2020JG006104.,10.6084/m9.figshare.12866945.v1,NA
"Greenhouse gases in an urban river: Trend, isotopic evidence for underlying processes, and the impact of in-river structures",Li,Journal of Hydrology,2020,2259,NA,Sites S1-S5 only (downstream sites are saltwater-influenced),10.1016/j.jhydrol.2020.125290,NA,NA
"Methane levels of a river network in Wuxi City, China and response to water governance",Li,Water,2020,2286,NA,NA,10.3390/w12092617,NA,NA
The role of filamentous algae Spyrogyra spp. in methane production and emissions in streams,Liang,Aquatic Sciences,2016,2260,NA,NA,10.1007/s00027-015-0419-2,NA,NA
Methane concentrations and estimated fluxes from Pacific Northwest rivers,Lilley,"SIL Communications, 1953-1996",1996,7216,NA,NA,10.1080/05384680.1996.11904080,NA,NA
Research on methane flux production flux in urban black ad odourous rivers in summer: Taking Chaoyang Creek in Nanning City as an example,Liu,Earth and Environment,2015,7319,NA,NA,DOI (China): 10.14050/j.cnki.1672-9250.2015.04.005,NA,NA
Columbia River spatial water chemistry ver 1,Loken,Environmental Data Initiative,2018,2319,NA,See related paper 10.1080/20442041.2017.1366487,NA,10.6073/pasta/e881070c9e8f6b7f774d3c65b27a9f69,NA
The carbon dioxide evasion cycle of an intermittent first-order stream: water-air and soil-air exchange,Looman,Biogeochemistry,2017,11727,NA,NA,10.1007/s10533-016-0289-2,NA,NA
"Dissolved carbon, greenhouse gases, and del13C dynamics in four estuaries across a land use gradient",Looman,Aquatic Sciences,2019,12465,NA,Only freshwater sites included,10.1007/s00027-018-0617-9,NA,NA
Assessing the influence of upstream drainage lakes on fluvial organic carbon in a wetland-rich region,Lottig,Journal of Geophysical Research: Biogeosciences,2012,11743,NA,"Publication does not report CH4, but this information is included in the primary data package",10.1029/2012JG001983,10.6073/pasta/a73255a67041a580601711c9ac761f26,NA
"Using machine learning to predict inland aquatic CO2 and CH4 concentrations and the effects of wildfires in the Yukon-Kuskokwim Delta, Alaska",Ludwig,Global Biogeochemical Cycles,2022,12064,NA,NA,10.1029/2021GB007146,"10.18739/A22804Z8M, 10.18739/A23775V7T",NA
Characteristics of CH4 emission from Shaying River and its influence factors,Ma,Environmental Science & Technology (China),2017,7308,NA,NA,DOI (China): 10.3969/j.issn.1003-6504.2017.02.005,NA,NA
Seasonal measurement of greenhouse gas concentrations and emissions along the longitudinal profile of a small stream,Mach,Polish Journal of Environmental Studies,2016,2262,NA,NA,10.15244/pjoes/61668,NA,10.1127/1863-9135/2012/0283
Sediment trapping by dams creates methane emission hot spots,Maeck,Environmental Science and Technology,2013,7157,NA,Only entered flux; determining concentrations for non-impounded sections was too ambiguous,10.1021/es4003907,NA,NA
Spatio-temporal variations of lateral and atmospheric carbon fluxes from the Danube Delta,Maier,Biogeosciences,2020,2299,NA,NA,10.5194/bg-18-1417-2021,10.3929/ethz-b-000416925,NA
Carbon emissions from oil palm plantations on peat soil,Manning,Frontiers in Forests and Global Change,2019,2263,NA,"Mean ebullition fluxes not included because of difference in time scales and some ambiguity in reporting, though rates were substantial.",10.3389/ffgc.2019.00037,NA,https://abdn.alma.exlibrisgroup.com/discovery/delivery/44ABE_INST:44ABE_VU1/12152929810005941
River inflow dominates methane emissions in an Arctic coastal system,Manning,Geophysical Research Letters,2020,2273,NA,NA,10.1029/2020GL087669,10.1594/PANGAEA.907150,NA
"Carbon dioxide, methane and nitrous oxide emissions from the human-impacted Seine watershed in France",Marescaux,Science of the Total Environment,2018,12457,NA,Part 2 of Seine basin study; part 1 = Paper_Nid 7219. Did not use fluxes reported in the supplement because of uncertainty about upscaling methodology,10.1016/j.scitotenv.2018.06.151,NA,NA
Methane emission from aquatic ecosystems of Mexico City,Martinez-Cruz,Aquatic Sciences,2016,7265,NA,NA,10.1007/s00027-016-0487-y,NA,NA
"Dynamic seasonal nitrogen cycling in response to anthropogenic N loading in a tropical catchment, Athi-Galana-Sabaki River, Kenya",Marwick,Biogeosciences,2014,7227,NA,NA,10.5194/bg-11-443-2014,NA,NA
A comprehensive biogeochemical record and annual flux estimates for the Sabaki River (Kenya),Marwick,Biogeosciences,2018,2264,NA,Replaces some data from 7256,10.5194/bg-15-1683-2018,NA,NA
Methane dynamics in a large river: a case study of the Elbe River,Matousu,Aquatic Sciences,2019,2265,NA,Site information is limited and inconsistent between concentration and flux data; only used values stated in text or Table 3,10.1007/s00027-018-0609-9,NA,NA
"Dissolved methane, carbon dioxide and limnological data from subarctic rivers, northern Quebec, Canada",Matveev,Nordicana,2020,2300,NA,NA,NA,10.5885/45660CE-8B92339884C146D0,NA
Deconstructing methane emissions from a small northern European river: hydrodynamics and temperature as key drivers,McGinnis,Environmental Sciene & Technology,2016,11894,NA,Partner paper with Bilsley-2227,10.1021/acs.est.6b03268,NA,NA
Filamentous green algae Spirogyra regulates methane emissions from eutrophic rivers,Mei,Environmental Science and Pollution Research,2020,2291,NA,Fluxes measured from cores inserted into sediments were not included,10.1007/s11356-020-10754-8,NA,NA
Methane distribution in European tidal estuaries,Middelburg,Biogeochemistry,2002,7236,NA,NA,10.1023/A:1015515130419,NA,NA
Vegetation heterogeneity and ditches create spatial variability in methane fluxes from peatlands drained for forestry,Minkkenin,Plant and Soil,2006,2266,NA,Same study area as Paper 7205,10.1007/s11104-006-9016-4,NA,NA
Importance of drainage ditches in emissions of methane from mires drained for forestry,Minkkinen,Canadian Journal of Forest Research,1997,7205,NA,Only two of the six ditches are included in the database because they are the only sites that had consistent surface water,10.1139/cjfr-27-6-949,NA,NA
Usability of water surface reflectance for the determination of riverine dissolved methane during extreme flooding in northern Siberia,Morozumi,Polar Science,2019,2267,NA,NA,10.1016/j.polar.2019.01.005,NA,NA
Terminal electron accepting processes in the alluvial sediments of a headwater stream,Morrice,Journal of the North American Benthological Society,2000,7158,NA,NA,10.2307/1468119,NA,NA
Spatial and temporal correlates of greenhouse gas diffusion from a hydropower reservoir in the Southern United States,Mosher,Water,2015,12362,Yes,Date-resolved data provided by Mosher,10.3390/w7115910,NA,NA
Gaseous and fluvial carbon export from an Amazon forest watershed,Neu,Biogeochemistry,2011,7159,NA,NA,10.1007/s10533-011-9581-3,NA,NA
Diffusive emissions of methane and nitrous oxide from a cascade of tropical hydropower reservoirs in Kenya,Okuku,Lakes and Reservoirs: Research and Management,2018,2311,NA,NA,10.1111/lre.12264,NA,NA
Groundwater as a driver of methane emissions from Arctic lakes,Olid,Nature Communications,2021,2312,NA,NA,10.1038/s41467-022-31219-1,NA,NA
"Methane turnover and methanotrophic communities in arctic aquatic ecosystems of the Lena Delta, Northeast Siberia",Osudar,FEMS Microbiology Ecology,2016,2333,NA,NA,10.1093/femsec/fiw116,NA,NA
The effect of regional groundwater on carbon dioxide and methane emissions from a lowland rainforest stream in Costa Rica,Oviedo-Vargas,Journal of Geophysical Research: Biogeosciences,2016,7264,NA,NA,10.1002/2015JG003009,NA,NA
"Hydrogeochemistry of Greenlandic proglacial and nonglacial streams, 2017-2018",Pain,Arctic Data Center,2019,2295,NA,"units for TN taken from metadata on Arctic Data Center page, not the header listed on the downloaded data file",NA,10.18739/A2PC2T94T,NA
Management effects on greenhouse gas dynamics in fen ditches,Peacock,Science of the Total Environment,2017,11720,Yes,"Paired with 11721, data summarized in separate file provided by Peacock. Using published as data source from this file",10.1016/j.scitotenv.2016.11.005,NA,NA
The full carbon balance of a rewetted cropland fen and a conservation-managed fen,Peacock,"Agriculture, Ecosystems and Environment",2019,11721,Yes,"Paired with 11720, data summarized in separate file provided by Peacock. Using published paper as data source from this file",10.1016/j.agee.2018.09.020,NA,NA
Wicken Lode data,Peacock,unpublished,2020,2301,Yes,Data provided by M. Peacock,NA,NA,NA
Small artificial waterbodies are widespread and persistent emitters of methane and carbon dioxide,Peacock,Global Change Biology,2021,2302,NA,NA,10.1111/gcb.15762,10.6084/m9.figshare.14784852.v2,NA
Significant emissions from forest drainage ditches- An unaccounted term in anthropogenic greenhouse gas inventories?,Peacock,Journal of Geophysical Research: Biogeosciences,2021,2352,NA,NA,10.1029/2021JG006478,10.6084/m9.figshare.15152253.v3Â ,NA
"River Tay, Scotland, water chemistry and greenhouse gas measurements 2009-2010",Pickard,NERC Environmental Information Data Centre,2019,2269,NA,NA,NA,10.5285/a61da7da-b7ef-40b7-a324-c3711ef81207,NA
Effects of peatland management on aquatic carbon concentrations and fluxes,Pickard,Biogeosciences,2022,2318,NA,NA,10.5194/bg-19-1321-2022,10.5285/7525088d-e504-456a-bc55-e48d8ca85303,NA
Carbon dioxide and methane exports from a southeastern floodplain swamp,Pulliam,Ecological Monographs,1993,7209,NA,NA,10.2307/2937122,NA,NA
CO2 and CH4 flux across water-air interface and environmental factors in Pengxi River of the Three Gorges Reservoir,Qin,Journal of Earth Environment,2018,7312,NA,"Baijiaxi site is affected by reservoir operation (i.e., considered within the reservoir); removed this site",DOI (China): 10.7515/JEE182071,NA,NA
"CO2 and CH4 partial press and flux across water-air interface in the downstream of Jinsha River, China",Qin,Applied Ecology and Environmental Research,2019,2270,NA,NA,10.15666/aeer/1703_58235839,NA,NA
Diffusive flux of CH4 and N2O from agricultural river networks: Regression tree and importance analysis,Qin,Science of the Total Environment,2020,2271,NA,NA,10.1016/j.scitotenv.2020.137244,NA,NA
Multiple stable isotopic signatures corroborate the predominance of acetoclastic methanogenesis during CH4 formation in agricultural river networks,Qin,"Agriculture, Ecosystems and Environment",2020,2272,NA,NA,10.1016/j.agee.2020.106930,NA,NA
Greenhouse gases emissions in rivers of the Tibeten Plateau,Qu,Scientific Reports,2017,11604,NA,NA,10.1038/s41598-017-16552-6,NA,NA
"Methane and nitrous oxide fluxes in the polluted Adyar River and estuary, SE India",Rajkumar,Marine Pollution Biology,2008,7147,NA,NA,10.1016/j.marpolbul.2008.08.005,NA,NA
Magnitude and drivers of CO2 and CH4 emissions from an arid/semiarid river catchment on the Chinese Loess Plateau,Ran,Journal of Hydrology,2021,2321,Yes,Temperature data and identity of sites immediately d/s from point sources from Ran,10.1016/j.jhydrol.2021.126260,10.25442/hku.19127594.v1,NA
"A CH4 emission estimate for the Kuparuk River basin, Alaska",Reeburgh,Journal of Geophysical Research: Atmospheres,1998,7229,NA,NA,10.1029/98JD00993,NA,NA
Biogenic gases and the oxidation and reduction of carbon in Amazon River and floodplain waters,Richey,Limnology and Oceanography,1988,7262,NA,NA,10.4319/lo.1988.33.4.0551,NA,NA
Spatial and temporal heterogeneity of methane ebullition in lowland headwater streams and the impact on sampling design,Robison,Limnology and Oceanography,2021,2306,NA,"Complementary study with 2233, 2305",10.1002/lno.11943,"10.6073/pasta/9b7fb5afa7b55f3c198f37ade701a542, 10.6073/pasta/789147c37923aeecc924ab33b35595eb",NA
Miellajokka summer survey,Rocher-Ros,unpublished,2020,2293,Yes,All data provided by Rocher Ros,NA,NA,NA
Impact of reindeer grazing on C emissions and exports from Arctic streams,Rocher-Ros,unpublished,2021,12922,NA,All data provided by Rocher Ros,NA,NA,NA
The effect of forestry drainage practices on the emission of methane from northern peatlands,Roulet,Canadian Journal of Forest Research,1995,7206,NA,NA,10.1139/x95-055,NA,NA
Contrasting biophysical controls on carbon dioxide and methane outgassing from streams,Rovelli,Journal of Geophysical Research: Biogeosciences,2021,2349,NA,"Three datasets containing concentration and flux data for this paper and two additional datasets with supporting information; CH4 data in these datasets have longer temporal extents than the Rovelli study, but this Publication is used here to represent the larger study",10.1029/2021JG006328,"10.6084/m9.figshare.16545954.v1, 10.6084/m9.figshare.16545846.v1, 10.5285/d82a04ce-f04d-40b4-9750-1a2bf7dc29a3","10.5285/0dd10858-7b96-41f1-8db5-e7b4c4168af5, 10.5285/9b6a6233-85ad-44f4-ba83-4905b8c48713"
"Methane in the hyporheic zone of a small lowland stream (Sitka, Czech Republic)",Rulik,Limnologica,2000,7252,NA,First in a series of papers on Sitka Stream,10.1016/S0075-9511(00)80029-8,NA,NA
Emission of methane from chalk streams has potential implications for agricultural practices,Sanders,Freshwater Biology,2007,7163,NA,NA,10.1111/j.1365-2427.2007.01745.x,NA,NA
Methane stable isotopic ratios and concentrations as indicators of methane dynamics in estuaries,Sansone,Global Biogeochemical Cycles,1999,7164,NA,NA,10.1029/1999GB900012,NA,NA
Methane emissions from Amazonian Rivers and their contribution to the global methane budget,Sawakuchi,Global Change Biology,2014,7165,NA,NA,10.1111/gcb.12646,NA,NA
Low diffusive methane emissions from the main channel of a large Amazonian run-of-the-river reservoir attributed to high methane oxidation,Sawakuchi,Frontiers in Environmental Science,2021,2330,NA,NA,10.3389/fenvs.2021.655455,10.3389/fenvs.2021.655455.s001,NA
"Greenhouse gas flux from headwater streams in New Hampshire, USA: patterns and drivers",Schade,Limnology and Oceanography,2016,7271,Yes,Dis-aggregated concentration and support data provided by J. Potter & W. McDowell,10.1002/lno.10337,NA,NA
Methane emissions in two drained peat agro-ecosystems with high and low agricultural intensity,Schrier-Uijl,Plant and Soil,2010,2274,NA,NA,10.1007/s11104-009-0180-1,NA,NA
Release of CO2 and CH4 from lakes and drainage ditches in temperate wetlands,Schrier-Uijl,Biogeochemistry,2011,7167,NA,NA,10.1007/s10533-010-9440-7,NA,NA
"Water and sediment quality in the Yukon River Basin, Alaska, during Water Year 2001",Schuster,USGS Open-File Report,2003,2237,NA,NA,NA,10.3133/ofr03427,NA
"Water and sediment quality in the Yukon River Basin, Alaska, during Water Year 2005",Schuster,USGS Open-File Report,2007,2241,NA,NA,NA,10.3133/ofr20071037,NA
"Water quality in the Yukon River Basin, Alaska, Water Years 2006-2008",Schuster,USGS Open-File Report,2010,2243,Yes,ppm values for CH4 in original report were incorrect; corrected data and results expressed in umol/L plus some additional dates were provided by USGS,NA,10.3133/ofr20101241,NA
"Water and sediment quality in the Yukon River Basin, Alaska, during Water Year 2002",Schuster,USGS Open-File Report,2005,2238,NA,NA,NA,10.3133/ofr20051199,NA
"Water and sediment quality in the Yukon River Basin, Alaska, during Water Year 2004",Schuster,USGS Open-File Report,2005,2240,NA,NA,NA,10.3133/ofr20061258,NA
"Water and sediment quality in the Yukon River Basin, Alaska, during Water Year 2003",Schuster,USGS Open-File Report,2005,2239,NA,NA,NA,10.3133/ofr20051397,NA
Methane and carbon dioxide emissions from inland waters in India - implications for large scale greenhouse gas balances,Selvam,Global Change Biology,2014,7180,NA,NA,10.1111/gcb.12575,NA,NA
High riverine CO2 emissions at the permafrost boundary of Western Siberia,Serikova,Nature Geoscience,2018,2298,NA,"Paper only discussed CO2, but Zenodo dataset includes CH4 methods and results.",10.1038/s41561-018-0218-1,10.5281/zenodo.4153050,NA
Widespread methanotrophic primary production in lowland chalk rivers,Shelley,Proceedings of the Royal Society B,2014,2229,NA,"No data about sites was available, so only data from the Lambourn was entered and assumed it was the same site as used in 7149",10.1098/rspb.2013.2854,NA,NA
Carbon emission from cascade reservoirs: spatial heterogeneity and mechanisms,Shi,Environmental Science & Technology,2017,2332,NA,NA,10.1021/acs.est.7b03590,NA,NA
Aquatic methane dynamics in a human-impacted river-floodplain of the Danube,Sieczko,Limnology and Oceanography,2016,7270,NA,NA,10.1002/lno.10346,NA,NA
Greenhouse gas fluxes from the eutrophic Temmesjoki River and its estuary in the Liminganlahti Bay (the Baltic Sea),Silvennoinen,Biogeochemistry,2008,7214,NA,NA,10.1007/s10533-008-9244-1,NA,NA
"Methane emissions from the Orinoco River Floodplain, Venezuela",Smith,Biogeochemistry,2000,7182,NA,NA,10.1023/A:1006443429909,NA,NA
Influence of infrastructure on water quality and greenhouse gas dynamics in urban streams,Smith,Biogeosciences,2017,11744,NA,Time-averaged fluxes for time-series sites were not entered,10.5194/bg-14-2831-2017,NA,NA
"Methane and nitrous oxide temporal and spatial variability in two midwestern USA streams containing high nitrate concentrations (ver. 2.0, Nov 2020)",Smith,Science of the Total Environment,2019,2275,NA,Partner study to Paper_Nid 7249 and primary dataset cited here replaces a prior USGS open-file report by Antweiler et al. (Open File Report 2005-1197),10.1016/j.scitotenv.2019.05.374,10.5066/F7TH8KWZ,10.3133/ofr20051197
"Emissions of greenhouse gases from Lake Neusidedl, a shallow steppe lake in Eastern Austria",Soja,Hydrbiologia,2014,2336,NA,NA,10.1007/s10750-013-1681-8,NA,NA
The carbon footprint of a Malaysian tropical reservoir: measured versus modelled estimates highlight the underestimated key role of downstream processes,Soued,Biogeosciences,2020,2276,NA,NA,10.5194/bg-17-515-2020,NA,NA
Summer methane ebullition from a headwater catchment in northeastern Siberia,Spawn,Inland Waters,2015,7257,Yes,Site-resolved data provided by Spawn,10.5268/IW-5.3.845,NA,NA
BECWA gases,Stanley,unpublished,2020,12840,Yes,Data set provided by Stanley includes sites in the general area of the Black Earth Creek Watershed (BECWA) although not all sites are in this watershed. Some sites overlap with studies by Blackburn (Paper_Nid 2228) and Crawford (Paper_Nid 7259),NA,NA,NA
"Synoptic carbon gas fluxes from streams, rivers, and lakes in the conterminous US",Stets,U.S. Geological Survey Data Release,2015,2296,NA,Current published USGS CH4 concentrations (in ppm) are incorrect. Stets sent corrected values in umol/L for a subset of sites and these are reported here. Overlapping sites with 2353.,NA,10.5066/F72B8W2C,10.5066/F7P849S4
Carbon dioxide and methane emissions from the Yukon River system,Striegl,Global Biogeochemical Cycles,2012,7185,NA,Flux data only; site and data-resolved concentrations provided by several USGS data reports,10.5066/F72B8W2CÂ ,NA,NA
"Sources and sinks of methane and nitrous oxide in the subtropical Brisbane River estuary, South East Queensland, Australia",Sturm,"Estuarine, Coastal and Shelf Science",2016,7268,NA,Freshwater sites (salinity <1) only,10.1016/j.ecss.2015.11.002,NA,NA
"Spatial and temporal variation of aquatic CO2 and CH4 dynamics in a peatland headwater stream: origins, processes and implications",Taillardat,Journal of Geophysical Research Biogeosciences,2022,2337,Yes,"Data for S5, diel data from Aug 2019,and calculated fluxes based on dissolved gas concentrations provided by Taillardat",10.1029/2022JG006855,10.5281/zenodo.6073957,NA
Analyzing greenhouse gas emissions in headwater streams impacted by agricultural activities,Taniwaki,Science of the Total Environment,2020,2289,NA,NA,10.1016/j.scitotenv.2022.157238,10.6073/pasta/82b1aa19ad5b4ef88939303f79c1e74c,NA
"Dynamics of greenhouse gases (CO2, CH4, N2O) along the Zambezi River and major tributaries, and their importance in the riverine carbon budget",Teodoru,Biogeosciences,2015,7241,NA,NA,10.5194/bg-12-2431-2015,NA,NA
"Evidence for the role of methane-derived carbon in a free-flowing, lowland river food web",Trimmer,Limnology and Oceanography,2009,7149,NA,NA,10.4319/lo.2009.54.5.1541,NA,NA
"Methane in the southern North Sea: Low-salinity inputs, estuarine removal, and atmospheric flux",Upstill-Goddard,Global Biogeochemical Cycles,2000,7150,NA,NA,10.1029/1999GB001236,NA,NA
"The riverine source of CH4 and N2O from the Republic of Congo, western Congo Basin",Upstill-Goddard,Biogeosciences,2017,2277,NA,Upscaled regional site fluxes not included,10.5194/bg-14-2267-2017,NA,NA
Greenhouse gas fluxes from Dutch peatland water bodies: Importance of the surrounding landscape,Vermaat,Wetlands,2011,7189,NA,NA,10.1007/s13157-011-0170-y,NA,NA
Impact of stream geomorphology on greenhouse gas concentration in a New York mountain stream,Vidon,"Water, Air, & Soil Pollution",2016,12029,NA,NA,10.1007/s11270-016-3131-5,NA,NA
Methane and nitrous oxide porewater concentrations and surface fluxes of a regulated river,Villa,Science of the Total Environment,2020,2278,NA,NA,10.1016/j.scitotenv.2020.136920,10.15485/1595105,NA
Fluvial carbon dioxide emission from the Lena River basin during spring flood,Vorobyev,Biogeosciences,2021,2328,NA,NA,10.5194/bg-18-4919-2021,NA,NA
Representative regional sampling of carbon dioxide and methane concentrations in hemiboreal headwater streams reveal underestimates in less systematic approaches,Wallin,Global Biogeochemical Cycles,2014,7160,Yes,"Includes unpublished site-resolved supporting data; CO2 taken from Wallin et al. 2018; information on channel type (specifically, if a site was a ditch or was channelized) taken from Peacock dataset cited as a supporting dataset; sites with empty cells for both CO2 and CH4 were omitted, but sites with CO2 but no CH4 indicated CH4 concentrations below detection",10.1002/2013GB004715,NA,10.6084/m9.figshare.15152253.v3Â 
Carbon dioxide and methane emissions of Swedish low-order streams_ national estimate and lessons learnt from more than a decade of observations,Wallin,Limology and Oceanography Letters,2018,2279,NA,"Information on channel type (specifically, if a site was a ditch or was channelized) taken from Peacock dataset cited as a supporting dataset; sites with CO2 but no CH4 indicated CH4 concentrations below detection",10.1002/lol2.10061,http://urn.kb.se/resolve?urn=urn:nbn:se:uu:diva-332472,NA
Krycklan catchment time series,Wallin,unpublished,2021,2320,Yes,Krycklan data,NA,NA,NA
Methane and nitrous oxide concentration and emission flux of Yangtze Delta plain river net,Wang,Science in China Series B: Chemistry,2009,2288,NA,"Sites CM-9, CM-10, SJ-11 excluded; CM sites are at marine boundary, SJ site is a lake outlet",10.1007/s11426-009-0024-0,NA,NA
CH4 concentrations and fluxes in a subtropical metropolitan river network: Watershed urbanization impacts and environmental controls,Wang,Science of the Total Environment,2018,12386,NA,NA,10.1016/j.scitotenv.2017.12.054,NA,NA
An urban polluted river as a significant hotspot for water-atmosphere exchange of CH4 and N2O,Wang,Environmental Pollution,2020,2280,NA,NA,10.1016/j.envpol.2020.114770,NA,NA
Intense methane ebullition from urban inland waters and its significant contribution to greenhouse gas emissions,Wang,Water Research,2021,2322,NA,NA,10.1016/j.watres.2020.116654,NA,NA
Terrestrial versus aquatic carbon fluxes in a subtropical agricultural floodplain over an annual cycle,Webb,Agriculture and Forest Meteorology,2018,12329,NA,NA,10.1016/j.agrformet.2018.06.015,NA,NA
Scientist-nonscientist teams explore methane sources in streams near oil/gas development,Wendt,Journal of Contemporary Water Research & Education,2018,2281,NA,Lat-Lon of several sites adjusted to land on channels and some sites deleted because of ambiguous information,10.1111/j.1936-704X.2018.03286.x,NA,NA
Emissions of greenhouse gases CH4 and N2O from low-gradient streams in agriculturally developed catchments,Wilcock,"Water, Air, and Soil Pollution",2008,7170,NA,NA,10.1007/s11270-007-9532-8,NA,NA
Atmospheric trace gases and land and sea breezes at the Sepik River coast of Papua New Guinea,Wilkniss,Journal of Geophysical Research,1978,7173,NA,NA,10.1029/JC083iC07p03672,NA,NA
"Methane concentrations in streams reveal gas leak discharged in regions of oil, gas, and coal development",Woda,Science of the Total Environment,2020,2313,NA,NA,10.1016/j.scitotenv.2020.140105,NA,NA
Effects and emission characteristics of greenhouse gases from Wenyu River in summer,Wu,Environmental Science and Technology (China),2016,7306,NA,NA,DOI (China): 10.3969/j.issn.1003-6504.2016.05.002,NA,NA
High methane emissions largely attributed to ebullitive fluxes from a subtropical river draining a rice paddy watershed in China,Wu,Environmental Science & Technology,2019,12624,NA,NA,10.1021/acs.est.8b05286,NA,NA
Human activities inducing high CH4 diffusive fluxes in an agricultural river catchment in subtropical China,Wu,Sustainability,2020,2282,NA,NA,10.3390/su12052114,NA,NA
Characteristics and influencing factors of greenhouse gas emissions from water bodies of Zhongtianshe River Basin in Tianmu Lake area,Wu,M.S. thesis Nanjing Normal University,2020,7317,NA,"Removed site 9256 (Zhongtian-1, which is the same site as S-5 in paper 7318) as this site is within an impoundment",NA,NA,NA
A highly agricultural river network in Jurong Reservoir watershed as significant CO2 and CH4 sources,Xiao,Science of the Total Environment,2021,7314,NA,NA,10.1016/j.scitotenv.2020.144558,NA,NA
Temporal and spatial pattern of dissolved methane concentration in the river of a small karst watershed in western Hubei,Xu,China Environmental Science,2021,7313,NA,Concentration data only,10.19674/j.cnki.issn1000-6923.20210408.001,NA,NA
Greenhouse gas emissions from the water-air interface of a grassland river: a case study of the Xilin River,Xue,Scientific Reports,2021,7305,NA,NA,10.1038/s41598-021-81658-x,NA,NA
CH4 concentrations and emissions from Three Rivers in the Chaohu Lake watershed in Southeast China,Yang,Journal of Integrative Agriculture,2012,7175,NA,NA,10.1016/S2095-3119(12)60054-9,NA,NA
Carbon dioxide and methane emissions from Tanswei River in northern Taiwan,Yang,Atmospheric Pollution Research,2015,7247,NA,Fluxes not entered as only ranges are available,10.5094/APR.2015.007,NA,NA
Contrasting methane emissions from upstream and downstream rivers and their associated subtropical reservoir in eastern China,Yang,Scientific Reports,2019,2307,NA,Only flux data from this paper (no other supporting information),10.1038/s41598-019-44470-2,NA,NA
"Methane fluxes in wetland and forest soils, beaver ponds, and low-order streams of a temperate forest ecosystem",Yavitt,Journal of Geophysical Research,1990,7176,NA,NA,10.1029/JD095iD13p22463,NA,NA
Concentrations and emissions of dissolved CH4 and N2O in the Yarlung Tsangpo River,Ye,Chinese Journal of Ecology,2019,7301,Yes,Authors provided flux data,10.13292/j.1000-4890.201903.001,NA,NA
"Carbon dioxide and methane dynamics in a human-dominated lowland coastal river network (Shanghai, China)",Yu,Journal of Geophysical Research: Biogeosciences,2017,11308,Yes,"Paper reports site averages, including CO2 conc and flux, but author sent date-specific information for CH4 (but not for CO2); deleted site CM10 as it was at the marine boundary",10.1002/2017JG003798.,NA,NA
Spatio-temporal dynamics of dissolved concentrations of N2O and CH4 and their emission flux in Weihe river of Xinxiang,Zhang,M.S. thesis Henan Normal University,2016,7307,Yes,"A very polluted river described by aouthors as ""a black and smelly urban river with many fizzy bubbles that received large inputs of industrial wastewater and domestic sewage.""",NA,NA,NA
Significant methane ebullition from alpine permafrost rivers on the East Qinghai-Tibet Plateau,Zhang,Nature Geoscience,2020,2283,Yes,NA,10.1038/s41561-020-0571-8,10.6073/pasta/3e9ed02d7d89a31eba4c36481255084c,10.6073/pasta/ba9340800403c450e7d942d450237dc4
"Sink or source? Methane and carbon dioxide emissions from cryoconite holds, subglacial sediments, and proglacial river runoff during intensive glacier melting on the Tibetan Plateau",Zhang,Fundamental Research,2021,7302,NA,Data from proglacial river sites only,10.1016/j.fmre.2021.04.005,NA,NA
Restored riverine wetlands in a headwater stream can simultaneously behave as sinks of N2O and hotspots of CH4 production,Zhang,Environmental Pollution,2021,7318,NA,"Excluded ""wetland"" sites; this is a chain of impounded water and some sites appear affected by d/s reservoir",10.1016/j.envpol.2021.117114,NA,NA
"Urban rivers are hotspots of riverine greenhouse gas (N2O, CH4, CO2) emissions in the mixed-landscape chaohu lake basin",Zhang,Water Research,2021,2344,NA,Same dataset as a follow-up paper by Xia et al (STOTEN 2022),10.1016/j.watres.2020.116624,NA,NA
Distribution and emission of methane from the Changjiang,Zhao,Environmental Science,2011,7309,NA,September dates not included due to ambiguity regarding site locations,DOI (China): 10.13227/j.hjkx.2011.01.003,NA,NA
Distribution and fluxes of methane and nitrous oxide in the Changjiang (Yangtze River) and its estuary,Zhao,M.S. thesis Ocean University of China,2011,7310,NA,Three sites excluded- in/influenced by Three Gorges Reservoir,https://kns.cnki.net/KCMS/detail /detail.aspx?dbname=CMFD2012&filename=1011230510.nh,NA,NA
Study on methane and nitrous oxide emissions from polluted water in Nanjing,Zhou,M.S. thesis Nanjing University of Information Science and Technology,2012,7315,NA,NA,https://kns.cnki.net/KCMS/detail/detail.aspx ?dbname=CMFD2012&filename=1012369155.nh,NA,NA
"Thermokarst effects on carbon dioxide and methane fluxes in streams on the Peel Plateau (NWT, Canada)",Zolkos,Journal of Geophysical Research: Biogeosciences,2019,12530,Yes,Zolkos provided clarifying information about site IDs and locations,10.1029/2019JG005038,NA,NA
